timestamp,crash_mult,trigger,mode,p1_result,p2_result,round_pnl,session_pnl,cumulative_pnl
2026-05-09 02:30:16,8.53,0,watch,-,-,0.00,0.00,0.00
2026-05-09 02:30:40,3.04,0,watch,-,-,0.00,0.00,0.00
2026-05-09 02:30:50,1.00,0,watch,-,-,0.00,0.00,0.00
2026-05-09 02:31:01,1.02,0,watch,-,-,0.00,0.00,0.00
2026-05-09 02:31:10,1.00,0,watch,-,-,0.00,0.00,0.00
2026-05-09 02:31:23,1.22,0,watch,-,-,0.00,0.00,0.00
2026-05-09 02:31:42,2.29,0,watch,-,-,0.00,0.00,0.00
2026-05-09 02:31:55,1.26,0,watch,-,-,0.00,0.00,0.00
2026-05-09 02:32:32,10.47,1,watch,-,-,0.00,0.00,0.00
2026-05-09 02:33:19,20.55,1,bet,win,win,7.00,7.00,7.00
2026-05-09 02:44:45,127.18,1,watch,-,-,0.00,0.00,0.00
2026-05-09 02:45:05,2.30,0,bet,loss,loss,-2.00,-2.00,-2.00
2026-05-09 02:45:16,1.04,0,bet,loss,loss,-2.00,-4.00,-4.00
2026-05-09 02:45:34,2.00,0,bet,loss,loss,-2.00,-6.00,-6.00
2026-05-09 02:45:44,1.08,0,bet,loss,loss,-2.00,-8.00,-8.00
2026-05-09 02:46:00,1.62,0,watch,-,-,0.00,0.00,-8.00
2026-05-09 02:52:37,20.27,1,watch,-,-,0.00,0.00,0.00
2026-05-09 02:52:47,1.00,0,bet,loss,loss,-2.00,-2.00,-2.00
2026-05-09 02:53:11,3.19,0,bet,loss,win,1.00,-1.00,-1.00
2026-05-09 02:53:27,1.70,0,watch,-,-,0.00,0.00,-1.00
2026-05-09 02:58:29,2.96,0,watch,-,-,0.00,0.00,0.00
2026-05-09 02:58:45,1.71,0,watch,-,-,0.00,0.00,0.00
2026-05-09 02:59:10,3.70,0,watch,-,-,0.00,0.00,0.00
2026-05-09 02:59:52,13.91,1,watch,-,-,0.00,0.00,0.00
2026-05-09 03:00:09,1.89,0,bet,loss,loss,-2.00,-2.00,-2.00
2026-05-09 03:00:30,2.55,0,bet,loss,loss,-2.00,-4.00,-4.00
2026-05-09 03:00:50,2.26,0,bet,loss,loss,-2.00,-6.00,-6.00
2026-05-09 03:01:02,1.10,0,bet,loss,loss,-2.00,-8.00,-8.00
2026-05-09 03:01:46,17.96,1,watch,-,-,0.00,0.00,-8.00
2026-05-09 03:02:06,2.02,0,bet,loss,loss,-2.00,-2.00,-10.00
2026-05-09 03:02:29,3.25,0,bet,loss,win,1.00,-1.00,-9.00
2026-05-09 03:02:40,1.02,0,watch,-,-,0.00,0.00,-9.00
2026-05-09 03:03:01,2.74,0,watch,-,-,0.00,0.00,-9.00
2026-05-09 03:03:18,1.89,0,watch,-,-,0.00,0.00,-9.00
2026-05-09 03:03:44,3.74,0,watch,-,-,0.00,0.00,-9.00
2026-05-09 03:03:57,1.19,0,watch,-,-,0.00,0.00,-9.00
2026-05-09 03:04:10,1.27,0,watch,-,-,0.00,0.00,-9.00
2026-05-09 03:04:20,1.12,0,watch,-,-,0.00,0.00,-9.00
2026-05-09 03:04:58,10.66,1,watch,-,-,0.00,0.00,-9.00
2026-05-09 03:05:23,3.48,0,bet,loss,win,1.00,1.00,-8.00
2026-05-09 03:05:41,1.95,0,watch,-,-,0.00,0.00,-8.00
2026-05-09 03:06:03,2.85,0,watch,-,-,0.00,0.00,-8.00
2026-05-09 03:06:21,1.81,0,watch,-,-,0.00,0.00,-8.00
2026-05-09 03:06:35,1.37,0,watch,-,-,0.00,0.00,-8.00
2026-05-09 03:06:47,1.22,0,watch,-,-,0.00,0.00,-8.00
2026-05-09 03:07:05,2.08,0,watch,-,-,0.00,0.00,-8.00
2026-05-09 03:07:23,1.82,0,watch,-,-,0.00,0.00,-8.00
2026-05-09 03:07:36,1.40,0,watch,-,-,0.00,0.00,-8.00
2026-05-09 03:07:47,1.04,0,watch,-,-,0.00,0.00,-8.00
2026-05-09 03:08:01,1.47,0,watch,-,-,0.00,0.00,-8.00
2026-05-09 03:08:40,12.11,1,watch,-,-,0.00,0.00,-8.00
2026-05-09 03:08:51,1.00,0,bet,loss,loss,-2.00,-2.00,-10.00
2026-05-09 03:09:08,1.93,0,bet,loss,loss,-2.00,-4.00,-12.00
2026-05-09 03:09:22,1.36,0,bet,loss,loss,-2.00,-6.00,-14.00
2026-05-09 03:10:44,439.90,1,bet,win,win,7.00,1.00,-7.00
2026-05-09 03:11:00,1.50,0,watch,-,-,0.00,0.00,-7.00
2026-05-09 03:11:11,1.19,0,watch,-,-,0.00,0.00,-7.00
2026-05-09 03:11:25,1.37,0,watch,-,-,0.00,0.00,-7.00
2026-05-09 03:11:48,3.19,0,watch,-,-,0.00,0.00,-7.00
2026-05-09 03:11:59,1.07,0,watch,-,-,0.00,0.00,-7.00
2026-05-09 03:12:18,2.19,0,watch,-,-,0.00,0.00,-7.00
2026-05-09 03:12:37,2.18,0,watch,-,-,0.00,0.00,-7.00
2026-05-09 03:13:32,45.10,1,watch,-,-,0.00,0.00,-7.00
2026-05-09 03:13:52,2.03,0,bet,loss,loss,-2.00,-2.00,-9.00
2026-05-09 03:14:13,2.76,0,bet,loss,loss,-2.00,-4.00,-11.00
2026-05-09 03:14:25,1.17,0,bet,loss,loss,-2.00,-6.00,-13.00
2026-05-09 03:14:40,1.58,0,bet,loss,loss,-2.00,-8.00,-15.00
2026-05-09 03:15:13,7.22,0,watch,-,-,0.00,0.00,-15.00
2026-05-09 03:15:28,1.43,0,watch,-,-,0.00,0.00,-15.00
2026-05-09 03:15:45,1.91,0,watch,-,-,0.00,0.00,-15.00
2026-05-09 03:16:10,3.71,0,watch,-,-,0.00,0.00,-15.00
2026-05-09 03:16:22,1.05,0,watch,-,-,0.00,0.00,-15.00
2026-05-09 03:16:33,1.18,0,watch,-,-,0.00,0.00,-15.00
2026-05-09 03:16:44,1.09,0,watch,-,-,0.00,0.00,-15.00
2026-05-09 03:17:06,2.79,0,watch,-,-,0.00,0.00,-15.00
2026-05-09 03:17:30,3.31,0,watch,-,-,0.00,0.00,-15.00
2026-05-09 03:17:51,2.74,0,watch,-,-,0.00,0.00,-15.00
2026-05-09 03:18:04,1.27,0,watch,-,-,0.00,0.00,-15.00
2026-05-09 03:18:25,2.72,0,watch,-,-,0.00,0.00,-15.00
2026-05-09 03:19:03,10.18,1,watch,-,-,0.00,0.00,-15.00
2026-05-09 03:19:20,1.68,0,bet,loss,loss,-2.00,-2.00,-17.00
2026-05-09 03:19:31,1.10,0,bet,loss,loss,-2.00,-4.00,-19.00
2026-05-09 03:19:43,1.25,0,bet,loss,loss,-2.00,-6.00,-21.00
2026-05-09 03:19:58,1.64,0,bet,loss,loss,-2.00,-8.00,-23.00
2026-05-09 03:20:18,2.28,0,watch,-,-,0.00,0.00,-23.00
2026-05-09 03:20:38,2.22,0,watch,-,-,0.00,0.00,-23.00
2026-05-09 03:21:53,237.02,1,watch,-,-,0.00,0.00,-23.00
2026-05-09 03:22:12,2.07,0,bet,loss,loss,-2.00,-2.00,-25.00
2026-05-09 03:22:35,3.25,0,bet,loss,win,1.00,-1.00,-24.00
2026-05-09 03:22:54,1.97,0,watch,-,-,0.00,0.00,-24.00
2026-05-09 03:23:19,3.97,0,watch,-,-,0.00,0.00,-24.00
2026-05-09 03:23:38,1.89,0,watch,-,-,0.00,0.00,-24.00
2026-05-09 03:23:54,1.61,0,watch,-,-,0.00,0.00,-24.00
2026-05-09 03:24:05,1.19,0,watch,-,-,0.00,0.00,-24.00
2026-05-09 03:24:26,2.36,0,watch,-,-,0.00,0.00,-24.00
2026-05-09 03:24:36,1.09,0,watch,-,-,0.00,0.00,-24.00
2026-05-09 03:24:58,2.74,0,watch,-,-,0.00,0.00,-24.00
2026-05-09 03:25:11,1.24,0,watch,-,-,0.00,0.00,-24.00
2026-05-09 03:25:22,1.14,0,watch,-,-,0.00,0.00,-24.00
2026-05-09 03:25:38,1.68,0,watch,-,-,0.00,0.00,-24.00
2026-05-09 03:25:54,1.71,0,watch,-,-,0.00,0.00,-24.00
2026-05-09 03:26:31,10.62,1,watch,-,-,0.00,0.00,-24.00
2026-05-09 03:26:51,2.17,0,bet,loss,loss,-2.00,-2.00,-26.00
2026-05-09 03:27:09,1.98,0,bet,loss,loss,-2.00,-4.00,-28.00
2026-05-09 03:27:37,4.78,0,bet,loss,win,1.00,-3.00,-27.00
2026-05-09 03:27:48,1.07,0,watch,-,-,0.00,0.00,-27.00
2026-05-09 03:28:04,1.70,0,watch,-,-,0.00,0.00,-27.00
2026-05-09 03:28:25,2.58,0,watch,-,-,0.00,0.00,-27.00
2026-05-09 03:28:37,1.15,0,watch,-,-,0.00,0.00,-27.00
2026-05-09 03:28:52,1.64,0,watch,-,-,0.00,0.00,-27.00
2026-05-09 03:29:07,1.54,0,watch,-,-,0.00,0.00,-27.00
2026-05-09 03:29:43,2.61,0,watch,-,-,0.00,0.00,-27.00
2026-05-09 03:30:11,4.85,0,watch,-,-,0.00,0.00,-27.00
2026-05-09 03:30:38,4.18,0,watch,-,-,0.00,0.00,-27.00
2026-05-09 03:30:57,2.10,0,watch,-,-,0.00,0.00,-27.00
2026-05-09 03:31:49,34.36,1,watch,-,-,0.00,0.00,-27.00
2026-05-09 03:32:02,1.24,0,bet,loss,loss,-2.00,-2.00,-29.00
2026-05-09 03:32:54,36.55,1,bet,win,win,7.00,5.00,-22.00
2026-05-09 03:33:55,70.35,1,watch,-,-,0.00,0.00,-22.00
2026-05-09 03:34:07,1.17,0,bet,loss,loss,-2.00,-2.00,-24.00
2026-05-09 03:34:20,1.27,0,bet,loss,loss,-2.00,-4.00,-26.00
2026-05-09 03:34:56,9.69,1,bet,win,win,7.00,3.00,-19.00
2026-05-09 03:35:21,3.52,0,watch,-,-,0.00,0.00,-19.00
2026-05-09 03:35:45,3.38,0,watch,-,-,0.00,0.00,-19.00
2026-05-09 03:36:11,3.73,0,watch,-,-,0.00,0.00,-19.00
2026-05-09 03:36:51,12.32,1,watch,-,-,0.00,0.00,-19.00
2026-05-09 03:37:06,1.51,0,bet,loss,loss,-2.00,-2.00,-21.00
2026-05-09 03:37:20,1.38,0,bet,loss,loss,-2.00,-4.00,-23.00
2026-05-09 03:37:39,2.18,0,bet,loss,loss,-2.00,-6.00,-25.00
2026-05-09 03:38:17,10.33,1,bet,win,win,7.00,1.00,-18.00
2026-05-09 03:38:40,3.06,0,watch,-,-,0.00,0.00,-18.00
2026-05-09 03:38:57,1.67,0,watch,-,-,0.00,0.00,-18.00
2026-05-09 03:39:14,1.86,0,watch,-,-,0.00,0.00,-18.00
2026-05-09 03:39:34,2.22,0,watch,-,-,0.00,0.00,-18.00
2026-05-09 03:39:55,2.54,0,watch,-,-,0.00,0.00,-18.00
2026-05-09 03:40:39,16.57,1,watch,-,-,0.00,0.00,-18.00
2026-05-09 03:40:53,1.44,0,bet,loss,loss,-2.00,-2.00,-20.00
2026-05-09 03:41:05,1.20,0,bet,loss,loss,-2.00,-4.00,-22.00
2026-05-09 03:41:25,2.12,0,bet,loss,loss,-2.00,-6.00,-24.00
2026-05-09 03:41:55,5.49,0,bet,loss,win,1.00,-5.00,-23.00
2026-05-09 03:42:20,3.65,0,watch,-,-,0.00,0.00,-23.00
2026-05-09 03:42:55,7.97,0,watch,-,-,0.00,0.00,-23.00
2026-05-09 03:43:09,1.32,0,watch,-,-,0.00,0.00,-23.00
2026-05-09 03:43:20,1.08,0,watch,-,-,0.00,0.00,-23.00
2026-05-09 03:43:30,1.01,0,watch,-,-,0.00,0.00,-23.00
2026-05-09 03:43:57,4.58,0,watch,-,-,0.00,0.00,-23.00
2026-05-09 03:44:41,17.38,1,watch,-,-,0.00,0.00,-23.00
2026-05-09 03:44:56,1.44,0,bet,loss,loss,-2.00,-2.00,-25.00
2026-05-09 03:45:09,1.36,0,bet,loss,loss,-2.00,-4.00,-27.00
2026-05-09 03:45:33,3.18,0,bet,loss,win,1.00,-3.00,-26.00
2026-05-09 03:45:56,3.05,0,watch,-,-,0.00,0.00,-26.00
2026-05-09 03:46:07,1.07,0,watch,-,-,0.00,0.00,-26.00
2026-05-09 03:46:22,1.56,0,watch,-,-,0.00,0.00,-26.00
2026-05-09 03:46:37,1.46,0,watch,-,-,0.00,0.00,-26.00
2026-05-09 03:46:52,1.67,0,watch,-,-,0.00,0.00,-26.00
2026-05-09 03:47:06,1.46,0,watch,-,-,0.00,0.00,-26.00
2026-05-09 03:47:25,2.14,0,watch,-,-,0.00,0.00,-26.00
2026-05-09 03:47:59,7.34,0,watch,-,-,0.00,0.00,-26.00
2026-05-09 03:48:12,1.26,0,watch,-,-,0.00,0.00,-26.00
2026-05-09 03:48:28,1.66,0,watch,-,-,0.00,0.00,-26.00
2026-05-09 03:49:02,7.95,0,watch,-,-,0.00,0.00,-26.00
2026-05-09 03:49:14,1.13,0,watch,-,-,0.00,0.00,-26.00
2026-05-09 03:49:27,1.36,0,watch,-,-,0.00,0.00,-26.00
2026-05-09 03:49:45,1.91,0,watch,-,-,0.00,0.00,-26.00
2026-05-09 03:50:00,1.48,0,watch,-,-,0.00,0.00,-26.00
2026-05-09 03:50:12,1.25,0,watch,-,-,0.00,0.00,-26.00
2026-05-09 03:50:29,1.76,0,watch,-,-,0.00,0.00,-26.00
2026-05-09 03:50:44,1.61,0,watch,-,-,0.00,0.00,-26.00
2026-05-09 03:50:54,1.00,0,watch,-,-,0.00,0.00,-26.00
2026-05-09 03:51:10,1.66,0,watch,-,-,0.00,0.00,-26.00
2026-05-09 03:51:23,1.35,0,watch,-,-,0.00,0.00,-26.00
2026-05-09 03:51:38,1.50,0,watch,-,-,0.00,0.00,-26.00
2026-05-09 03:52:01,3.02,0,watch,-,-,0.00,0.00,-26.00
2026-05-09 03:52:16,1.63,0,watch,-,-,0.00,0.00,-26.00
2026-05-09 03:52:43,4.06,0,watch,-,-,0.00,0.00,-26.00
2026-05-09 03:52:57,1.43,0,watch,-,-,0.00,0.00,-26.00
2026-05-09 03:53:12,1.56,0,watch,-,-,0.00,0.00,-26.00
2026-05-09 03:53:23,1.14,0,watch,-,-,0.00,0.00,-26.00
2026-05-09 03:53:46,3.08,0,watch,-,-,0.00,0.00,-26.00
2026-05-09 03:54:04,2.01,0,watch,-,-,0.00,0.00,-26.00
2026-05-09 03:54:20,1.68,0,watch,-,-,0.00,0.00,-26.00
2026-05-09 03:54:42,2.64,0,watch,-,-,0.00,0.00,-26.00
2026-05-09 03:54:56,1.42,0,watch,-,-,0.00,0.00,-26.00
2026-05-09 03:55:24,4.67,0,watch,-,-,0.00,0.00,-26.00
2026-05-09 03:55:36,1.22,0,watch,-,-,0.00,0.00,-26.00
2026-05-09 03:55:48,1.29,0,watch,-,-,0.00,0.00,-26.00
2026-05-09 03:56:06,1.87,0,watch,-,-,0.00,0.00,-26.00
2026-05-09 03:56:41,8.42,0,watch,-,-,0.00,0.00,-26.00
2026-05-09 03:56:56,1.52,0,watch,-,-,0.00,0.00,-26.00
2026-05-09 03:57:21,3.68,0,watch,-,-,0.00,0.00,-26.00
2026-05-09 03:57:32,1.06,0,watch,-,-,0.00,0.00,-26.00
2026-05-09 03:57:49,1.81,0,watch,-,-,0.00,0.00,-26.00
2026-05-09 03:58:35,22.28,1,watch,-,-,0.00,0.00,-26.00
2026-05-09 03:59:04,5.20,0,bet,loss,win,1.00,1.00,-25.00
2026-05-09 03:59:15,1.04,0,watch,-,-,0.00,0.00,-25.00
2026-05-09 03:59:26,1.21,0,watch,-,-,0.00,0.00,-25.00
2026-05-09 03:59:54,4.48,0,watch,-,-,0.00,0.00,-25.00
2026-05-09 04:00:11,1.95,0,watch,-,-,0.00,0.00,-25.00
2026-05-09 04:00:23,1.23,0,watch,-,-,0.00,0.00,-25.00
2026-05-09 04:00:46,2.81,0,watch,-,-,0.00,0.00,-25.00
2026-05-09 04:01:00,1.41,0,watch,-,-,0.00,0.00,-25.00
2026-05-09 04:01:11,1.19,0,watch,-,-,0.00,0.00,-25.00
2026-05-09 04:01:30,2.04,0,watch,-,-,0.00,0.00,-25.00
2026-05-09 04:01:41,1.14,0,watch,-,-,0.00,0.00,-25.00
2026-05-09 04:02:03,2.95,0,watch,-,-,0.00,0.00,-25.00
2026-05-09 04:02:25,2.71,0,watch,-,-,0.00,0.00,-25.00
2026-05-09 04:03:07,15.42,1,watch,-,-,0.00,0.00,-25.00
2026-05-09 04:03:38,6.01,0,bet,win,win,7.00,7.00,-18.00
2026-05-09 04:04:15,8.97,0,watch,-,-,0.00,0.00,-18.00
2026-05-09 04:04:25,1.02,0,watch,-,-,0.00,0.00,-18.00
2026-05-09 04:04:36,1.13,0,watch,-,-,0.00,0.00,-18.00
2026-05-09 04:04:50,1.51,0,watch,-,-,0.00,0.00,-18.00
2026-05-09 04:05:38,24.94,1,watch,-,-,0.00,0.00,-18.00
2026-05-09 04:06:33,43.08,1,bet,win,win,7.00,7.00,-11.00
2026-05-09 04:06:44,1.04,0,watch,-,-,0.00,0.00,-11.00
2026-05-09 04:07:28,17.03,1,watch,-,-,0.00,0.00,-11.00
2026-05-09 04:08:16,24.27,1,bet,win,win,7.00,7.00,-4.00
2026-05-09 04:08:52,8.96,0,watch,-,-,0.00,0.00,-4.00
2026-05-09 04:09:07,1.52,0,watch,-,-,0.00,0.00,-4.00
2026-05-09 04:09:20,1.29,0,watch,-,-,0.00,0.00,-4.00
2026-05-09 04:09:45,3.47,0,watch,-,-,0.00,0.00,-4.00
2026-05-09 04:10:02,1.87,0,watch,-,-,0.00,0.00,-4.00
2026-05-09 04:10:14,1.14,0,watch,-,-,0.00,0.00,-4.00
2026-05-09 04:10:41,4.22,0,watch,-,-,0.00,0.00,-4.00
2026-05-09 04:10:51,1.06,0,watch,-,-,0.00,0.00,-4.00
2026-05-09 04:11:17,3.84,0,watch,-,-,0.00,0.00,-4.00
2026-05-09 04:11:35,2.05,0,watch,-,-,0.00,0.00,-4.00
2026-05-09 04:11:51,1.56,0,watch,-,-,0.00,0.00,-4.00
2026-05-09 04:12:59,38.16,1,watch,-,-,0.00,0.00,-4.00
2026-05-09 04:13:18,2.08,0,bet,loss,loss,-2.00,-2.00,-6.00
2026-05-09 04:13:35,1.83,0,bet,loss,loss,-2.00,-4.00,-8.00
2026-05-09 04:14:07,6.01,0,bet,win,win,7.00,3.00,-1.00
2026-05-09 04:14:20,1.38,0,watch,-,-,0.00,0.00,-1.00
2026-05-09 04:14:34,1.42,0,watch,-,-,0.00,0.00,-1.00
2026-05-09 04:14:56,2.67,0,watch,-,-,0.00,0.00,-1.00
2026-05-09 04:15:25,4.96,0,watch,-,-,0.00,0.00,-1.00
2026-05-09 04:15:47,2.80,0,watch,-,-,0.00,0.00,-1.00
2026-05-09 04:16:16,4.59,0,watch,-,-,0.00,0.00,-1.00
2026-05-09 04:17:08,34.43,1,watch,-,-,0.00,0.00,-1.00
2026-05-09 04:17:30,2.77,0,bet,loss,loss,-2.00,-2.00,-3.00
2026-05-09 04:17:43,1.22,0,bet,loss,loss,-2.00,-4.00,-5.00
2026-05-09 04:18:08,3.73,0,bet,loss,win,1.00,-3.00,-4.00
2026-05-09 04:18:25,1.85,0,watch,-,-,0.00,0.00,-4.00
2026-05-09 04:18:44,2.27,0,watch,-,-,0.00,0.00,-4.00
2026-05-09 04:18:54,1.00,0,watch,-,-,0.00,0.00,-4.00
2026-05-09 04:19:26,6.29,0,watch,-,-,0.00,0.00,-4.00
2026-05-09 04:19:39,1.13,0,watch,-,-,0.00,0.00,-4.00
2026-05-09 04:19:52,1.53,0,watch,-,-,0.00,0.00,-4.00
2026-05-09 04:20:58,106.00,1,watch,-,-,0.00,0.00,-4.00
2026-05-09 04:21:33,7.97,0,bet,win,win,7.00,7.00,3.00
2026-05-09 04:21:55,2.58,0,watch,-,-,0.00,0.00,3.00
2026-05-09 04:22:28,7.18,0,watch,-,-,0.00,0.00,3.00
2026-05-09 04:22:54,3.95,0,watch,-,-,0.00,0.00,3.00
2026-05-09 04:23:26,6.35,0,watch,-,-,0.00,0.00,3.00
2026-05-09 04:23:42,1.67,0,watch,-,-,0.00,0.00,3.00
2026-05-09 04:24:21,11.54,1,watch,-,-,0.00,0.00,3.00
2026-05-09 04:24:31,1.00,0,bet,loss,loss,-2.00,-2.00,1.00
2026-05-09 04:25:01,5.09,0,bet,loss,win,1.00,-1.00,2.00
2026-05-09 04:25:17,1.71,0,watch,-,-,0.00,0.00,2.00
2026-05-09 04:25:52,8.12,0,watch,-,-,0.00,0.00,2.00
2026-05-09 04:26:03,1.02,0,watch,-,-,0.00,0.00,2.00
2026-05-09 04:26:45,15.40,1,watch,-,-,0.00,0.00,2.00
2026-05-09 04:26:58,1.31,0,bet,loss,loss,-2.00,-2.00,0.00
2026-05-09 04:27:27,4.89,0,bet,loss,win,1.00,-1.00,1.00
2026-05-09 04:27:45,1.86,0,watch,-,-,0.00,0.00,1.00
2026-05-09 04:28:14,4.99,0,watch,-,-,0.00,0.00,1.00
2026-05-09 04:28:39,3.53,0,watch,-,-,0.00,0.00,1.00
2026-05-09 04:29:00,2.54,0,watch,-,-,0.00,0.00,1.00
2026-05-09 04:29:13,1.11,0,watch,-,-,0.00,0.00,1.00
2026-05-09 04:29:36,3.18,0,watch,-,-,0.00,0.00,1.00
2026-05-09 04:30:07,5.67,0,watch,-,-,0.00,0.00,1.00
2026-05-09 04:30:53,20.04,1,watch,-,-,0.00,0.00,1.00
2026-05-09 04:31:15,2.93,0,bet,loss,loss,-2.00,-2.00,-1.00
2026-05-09 04:31:33,1.76,0,bet,loss,loss,-2.00,-4.00,-3.00
2026-05-09 04:31:45,1.25,0,bet,loss,loss,-2.00,-6.00,-5.00
2026-05-09 04:32:02,1.70,0,bet,loss,loss,-2.00,-8.00,-7.00
2026-05-09 04:32:17,1.68,0,watch,-,-,0.00,0.00,-7.00
2026-05-09 04:32:28,1.11,0,watch,-,-,0.00,0.00,-7.00
2026-05-09 04:33:17,26.99,1,watch,-,-,0.00,0.00,-7.00
2026-05-09 04:33:37,2.30,0,bet,loss,loss,-2.00,-2.00,-9.00
2026-05-09 04:33:48,1.00,0,bet,loss,loss,-2.00,-4.00,-11.00
2026-05-09 04:34:05,1.94,0,bet,loss,loss,-2.00,-6.00,-13.00
2026-05-09 04:34:17,1.12,0,bet,loss,loss,-2.00,-8.00,-15.00
2026-05-09 04:34:38,2.68,0,watch,-,-,0.00,0.00,-15.00
2026-05-09 04:34:49,1.02,0,watch,-,-,0.00,0.00,-15.00
2026-05-09 04:35:21,6.66,0,watch,-,-,0.00,0.00,-15.00
2026-05-09 04:35:41,2.30,0,watch,-,-,0.00,0.00,-15.00
2026-05-09 04:35:51,1.00,0,watch,-,-,0.00,0.00,-15.00
2026-05-09 04:36:05,1.37,0,watch,-,-,0.00,0.00,-15.00
2026-05-09 04:36:20,1.52,0,watch,-,-,0.00,0.00,-15.00
2026-05-09 04:36:39,2.10,0,watch,-,-,0.00,0.00,-15.00
2026-05-09 04:37:00,2.57,0,watch,-,-,0.00,0.00,-15.00
2026-05-09 04:37:41,13.47,1,watch,-,-,0.00,0.00,-15.00
2026-05-09 04:37:56,1.43,0,bet,loss,loss,-2.00,-2.00,-17.00
2026-05-09 04:38:07,1.05,0,bet,loss,loss,-2.00,-4.00,-19.00
2026-05-09 04:38:27,2.74,0,bet,loss,loss,-2.00,-6.00,-21.00
2026-05-09 04:38:40,1.18,0,bet,loss,loss,-2.00,-8.00,-23.00
2026-05-09 04:38:51,1.19,0,watch,-,-,0.00,0.00,-23.00
2026-05-09 04:39:01,1.00,0,watch,-,-,0.00,0.00,-23.00
2026-05-09 04:39:14,1.34,0,watch,-,-,0.00,0.00,-23.00
2026-05-09 04:39:29,1.60,0,watch,-,-,0.00,0.00,-23.00
2026-05-09 04:39:39,1.00,0,watch,-,-,0.00,0.00,-23.00
2026-05-09 04:39:54,1.57,0,watch,-,-,0.00,0.00,-23.00
2026-05-09 04:41:06,189.11,1,watch,-,-,0.00,0.00,-23.00
2026-05-09 04:41:50,17.15,1,bet,win,win,7.00,7.00,-16.00
2026-05-09 04:42:03,1.30,0,watch,-,-,0.00,0.00,-16.00
2026-05-09 04:42:23,2.20,0,watch,-,-,0.00,0.00,-16.00
2026-05-09 04:43:11,24.27,1,watch,-,-,0.00,0.00,-16.00
2026-05-09 04:44:11,60.35,1,bet,win,win,7.00,7.00,-9.00
2026-05-09 04:44:21,1.03,0,watch,-,-,0.00,0.00,-9.00
2026-05-09 04:44:34,1.34,0,watch,-,-,0.00,0.00,-9.00
2026-05-09 04:45:08,7.32,0,watch,-,-,0.00,0.00,-9.00
2026-05-09 04:45:50,14.60,1,watch,-,-,0.00,0.00,-9.00
2026-05-09 04:46:00,1.00,0,bet,loss,loss,-2.00,-2.00,-11.00
2026-05-09 04:46:10,1.04,0,bet,loss,loss,-2.00,-4.00,-13.00
2026-05-09 04:46:21,1.12,0,bet,loss,loss,-2.00,-6.00,-15.00
2026-05-09 04:46:36,1.60,0,bet,loss,loss,-2.00,-8.00,-17.00
2026-05-09 04:47:18,14.07,1,watch,-,-,0.00,0.00,-17.00
2026-05-09 04:47:40,2.71,0,bet,loss,loss,-2.00,-2.00,-19.00
2026-05-09 04:48:03,3.03,0,bet,loss,win,1.00,-1.00,-18.00
2026-05-09 04:48:18,1.54,0,watch,-,-,0.00,0.00,-18.00
2026-05-09 04:48:33,1.56,0,watch,-,-,0.00,0.00,-18.00
2026-05-09 04:48:56,2.87,0,watch,-,-,0.00,0.00,-18.00
2026-05-09 04:49:11,1.46,0,watch,-,-,0.00,0.00,-18.00
2026-05-09 04:49:27,1.80,0,watch,-,-,0.00,0.00,-18.00
2026-05-09 04:49:58,5.69,0,watch,-,-,0.00,0.00,-18.00
2026-05-09 04:50:18,2.43,0,watch,-,-,0.00,0.00,-18.00
2026-05-09 04:50:38,2.20,0,watch,-,-,0.00,0.00,-18.00
2026-05-09 04:50:51,1.30,0,watch,-,-,0.00,0.00,-18.00
2026-05-09 04:51:19,4.51,0,watch,-,-,0.00,0.00,-18.00
2026-05-09 04:51:43,3.43,0,watch,-,-,0.00,0.00,-18.00
2026-05-09 04:52:24,12.73,1,watch,-,-,0.00,0.00,-18.00
2026-05-09 04:52:49,3.39,0,bet,loss,win,1.00,1.00,-17.00
2026-05-09 04:53:30,12.49,1,watch,-,-,0.00,0.00,-17.00
2026-05-09 04:53:48,1.66,0,bet,loss,loss,-2.00,-2.00,-19.00
2026-05-09 04:54:00,1.32,0,bet,loss,loss,-2.00,-4.00,-21.00
2026-05-09 04:54:24,3.49,0,bet,loss,win,1.00,-3.00,-20.00
2026-05-09 04:54:46,2.75,0,watch,-,-,0.00,0.00,-20.00
2026-05-09 04:55:03,1.74,0,watch,-,-,0.00,0.00,-20.00
2026-05-09 04:55:16,1.30,0,watch,-,-,0.00,0.00,-20.00
2026-05-09 04:55:28,1.23,0,watch,-,-,0.00,0.00,-20.00
2026-05-09 04:55:46,1.94,0,watch,-,-,0.00,0.00,-20.00
2026-05-09 04:56:41,42.76,1,watch,-,-,0.00,0.00,-20.00
2026-05-09 04:57:01,2.43,0,bet,loss,loss,-2.00,-2.00,-22.00
2026-05-09 04:57:46,18.44,1,bet,win,win,7.00,5.00,-15.00
2026-05-09 04:57:57,1.13,0,watch,-,-,0.00,0.00,-15.00
2026-05-09 04:58:35,1.39,0,watch,-,-,0.00,0.00,-15.00
2026-05-09 04:59:27,36.47,1,watch,-,-,0.00,0.00,-15.00
2026-05-09 04:59:37,1.53,0,bet,loss,loss,-2.00,-2.00,-17.00
2026-05-09 04:59:53,1.69,0,bet,loss,loss,-2.00,-4.00,-19.00
2026-05-09 05:00:06,1.30,0,bet,loss,loss,-2.00,-6.00,-21.00
2026-05-09 05:00:21,1.50,0,bet,loss,loss,-2.00,-8.00,-23.00
2026-05-09 05:00:31,1.01,0,watch,-,-,0.00,0.00,-23.00
2026-05-09 05:00:46,1.55,0,watch,-,-,0.00,0.00,-23.00
2026-05-09 05:01:33,1.85,0,watch,-,-,0.00,0.00,-23.00
2026-05-09 05:01:46,1.84,0,watch,-,-,0.00,0.00,-23.00
2026-05-09 05:01:58,1.22,0,watch,-,-,0.00,0.00,-23.00
2026-05-09 05:02:16,1.06,0,watch,-,-,0.00,0.00,-23.00
2026-05-09 05:02:22,1.40,0,watch,-,-,0.00,0.00,-23.00
2026-05-09 05:02:33,1.14,0,watch,-,-,0.00,0.00,-23.00
2026-05-09 05:02:45,1.20,0,watch,-,-,0.00,0.00,-23.00
2026-05-09 05:03:06,2.06,0,watch,-,-,0.00,0.00,-23.00
2026-05-09 05:04:28,1.26,0,watch,-,-,0.00,0.00,-23.00
2026-05-09 05:05:27,265.38,1,watch,-,-,0.00,0.00,-23.00
2026-05-09 05:05:42,1.55,0,bet,loss,loss,-2.00,-2.00,-25.00
2026-05-09 05:06:11,5.02,0,bet,loss,win,1.00,-1.00,-24.00
2026-05-09 05:06:26,1.61,0,watch,-,-,0.00,0.00,-24.00
2026-05-09 05:06:51,3.46,0,watch,-,-,0.00,0.00,-24.00
2026-05-09 05:07:06,1.50,0,watch,-,-,0.00,0.00,-24.00
2026-05-09 05:07:21,1.65,0,watch,-,-,0.00,0.00,-24.00
2026-05-09 05:07:45,3.32,0,watch,-,-,0.00,0.00,-24.00
2026-05-09 05:08:06,2.45,0,watch,-,-,0.00,0.00,-24.00
2026-05-09 05:08:36,1.67,0,watch,-,-,0.00,0.00,-24.00
2026-05-09 05:10:07,4.30,0,watch,-,-,0.00,0.00,-24.00
2026-05-09 05:10:22,1.62,0,watch,-,-,0.00,0.00,-24.00
2026-05-09 05:10:31,1.27,0,watch,-,-,0.00,0.00,-24.00
2026-05-09 05:11:14,16.34,1,watch,-,-,0.00,0.00,-24.00
2026-05-09 05:11:34,2.17,0,bet,loss,loss,-2.00,-2.00,-26.00
2026-05-09 05:11:46,1.17,0,bet,loss,loss,-2.00,-4.00,-28.00
2026-05-09 05:12:14,4.81,0,bet,loss,win,1.00,-3.00,-27.00
2026-05-09 05:12:33,2.15,0,watch,-,-,0.00,0.00,-27.00
2026-05-09 05:12:51,2.00,0,watch,-,-,0.00,0.00,-27.00
2026-05-09 05:17:08,1.07,0,watch,-,-,0.00,0.00,-27.00
2026-05-09 05:19:34,4.75,0,watch,-,-,0.00,0.00,-27.00
2026-05-09 05:20:11,2.73,0,watch,-,-,0.00,0.00,-27.00
2026-05-09 05:20:33,3.94,0,watch,-,-,0.00,0.00,-27.00
2026-05-09 05:20:45,1.36,0,watch,-,-,0.00,0.00,-27.00
2026-05-09 05:21:16,7.41,0,watch,-,-,0.00,0.00,-27.00
2026-05-09 05:21:26,1.00,0,watch,-,-,0.00,0.00,-27.00
2026-05-09 05:21:40,1.38,0,watch,-,-,0.00,0.00,-27.00
2026-05-09 05:21:50,1.04,0,watch,-,-,0.00,0.00,-27.00
2026-05-09 05:22:03,1.30,0,watch,-,-,0.00,0.00,-27.00
2026-05-09 05:22:19,1.70,0,watch,-,-,0.00,0.00,-27.00
2026-05-09 05:22:37,1.98,0,watch,-,-,0.00,0.00,-27.00
2026-05-09 05:22:56,2.21,0,watch,-,-,0.00,0.00,-27.00
2026-05-09 05:25:26,1.36,0,watch,-,-,0.00,0.00,-27.00
2026-05-09 05:25:33,1.00,0,watch,-,-,0.00,0.00,-27.00
2026-05-09 05:26:28,1.31,0,watch,-,-,0.00,0.00,-27.00
2026-05-09 05:26:52,1.74,0,watch,-,-,0.00,0.00,-27.00
2026-05-09 05:27:24,1.38,0,watch,-,-,0.00,0.00,-27.00
2026-05-09 05:27:40,1.71,0,watch,-,-,0.00,0.00,-27.00
2026-05-09 05:27:51,1.13,0,watch,-,-,0.00,0.00,-27.00
2026-05-09 05:28:11,2.38,0,watch,-,-,0.00,0.00,-27.00
2026-05-09 05:28:24,1.23,0,watch,-,-,0.00,0.00,-27.00
2026-05-09 05:28:44,2.49,0,watch,-,-,0.00,0.00,-27.00
2026-05-09 05:29:01,1.88,0,watch,-,-,0.00,0.00,-27.00
2026-05-09 05:29:33,3.02,0,watch,-,-,0.00,0.00,-27.00
2026-05-09 05:29:35,1.05,0,watch,-,-,0.00,0.00,-27.00
2026-05-09 05:29:59,3.01,0,watch,-,-,0.00,0.00,-27.00
2026-05-09 05:30:10,1.23,0,watch,-,-,0.00,0.00,-27.00
2026-05-09 05:30:26,1.73,0,watch,-,-,0.00,0.00,-27.00
2026-05-09 05:30:56,5.55,0,watch,-,-,0.00,0.00,-27.00
2026-05-09 05:31:15,2.16,0,watch,-,-,0.00,0.00,-27.00
2026-05-09 05:31:40,3.46,0,watch,-,-,0.00,0.00,-27.00
2026-05-09 05:32:28,23.79,1,watch,-,-,0.00,0.00,-27.00
2026-05-09 05:34:16,258.10,1,bet,win,win,7.00,7.00,-20.00
2026-05-09 05:34:44,5.75,0,watch,-,-,0.00,0.00,-20.00
2026-05-09 05:35:01,1.72,0,watch,-,-,0.00,0.00,-20.00
2026-05-09 08:37:34,27.28,1,watch,-,-,0.00,0.00,0.00
2026-05-09 08:37:47,1.13,0,bet,loss,loss,-2.00,-2.00,-2.00
2026-05-09 08:38:06,2.19,0,bet,loss,loss,-2.00,-4.00,-4.00
2026-05-09 08:38:23,1.76,0,bet,loss,loss,-2.00,-6.00,-6.00
2026-05-09 08:38:42,1.94,0,bet,loss,loss,-2.00,-8.00,-8.00
2026-05-09 08:39:00,1.93,0,watch,-,-,0.00,0.00,-8.00
2026-05-09 08:39:11,1.02,0,watch,-,-,0.00,0.00,-8.00
2026-05-09 08:39:55,17.09,1,watch,-,-,0.00,0.00,-8.00
2026-05-09 08:40:49,40.57,1,bet,win,win,7.00,7.00,-1.00
2026-05-09 08:41:06,1.57,0,watch,-,-,0.00,0.00,-1.00
2026-05-09 08:41:16,1.00,0,watch,-,-,0.00,0.00,-1.00
2026-05-09 08:41:30,1.22,0,watch,-,-,0.00,0.00,-1.00
2026-05-09 08:41:56,4.23,0,watch,-,-,0.00,0.00,-1.00
2026-05-09 08:42:09,1.21,0,watch,-,-,0.00,0.00,-1.00
2026-05-09 08:42:26,1.75,0,watch,-,-,0.00,0.00,-1.00
2026-05-09 08:43:08,13.74,1,watch,-,-,0.00,0.00,-1.00
2026-05-09 08:43:30,2.63,0,bet,loss,loss,-2.00,-2.00,-3.00
2026-05-09 08:43:44,1.33,0,bet,loss,loss,-2.00,-4.00,-5.00
2026-05-09 08:44:27,15.72,1,bet,win,win,7.00,3.00,2.00
2026-05-09 08:44:40,1.11,0,watch,-,-,0.00,0.00,2.00
2026-05-09 08:45:40,58.75,1,watch,-,-,0.00,0.00,2.00
2026-05-09 08:46:33,31.47,1,bet,win,win,7.00,7.00,9.00
2026-05-09 08:46:58,3.64,0,watch,-,-,0.00,0.00,9.00
2026-05-09 08:47:09,1.00,0,watch,-,-,0.00,0.00,9.00
2026-05-09 08:47:21,1.17,0,watch,-,-,0.00,0.00,9.00
2026-05-09 08:47:55,7.11,0,watch,-,-,0.00,0.00,9.00
2026-05-09 08:48:15,1.96,0,watch,-,-,0.00,0.00,9.00
2026-05-09 08:48:54,11.56,1,watch,-,-,0.00,0.00,9.00
2026-05-09 08:49:09,1.36,0,bet,loss,loss,-2.00,-2.00,7.00
2026-05-09 08:49:36,3.74,0,bet,loss,win,1.00,-1.00,8.00
2026-05-09 08:49:58,2.53,0,watch,-,-,0.00,0.00,8.00
2026-05-09 08:50:11,1.04,0,watch,-,-,0.00,0.00,8.00
2026-05-09 08:50:30,2.08,0,watch,-,-,0.00,0.00,8.00
2026-05-09 08:50:49,2.00,0,watch,-,-,0.00,0.00,8.00
2026-05-09 08:51:12,2.70,0,watch,-,-,0.00,0.00,8.00
2026-05-09 08:51:23,1.06,0,watch,-,-,0.00,0.00,8.00
2026-05-09 08:51:37,1.29,0,watch,-,-,0.00,0.00,8.00
2026-05-09 08:51:49,1.14,0,watch,-,-,0.00,0.00,8.00
2026-05-09 08:52:11,2.78,0,watch,-,-,0.00,0.00,8.00
2026-05-09 08:52:22,1.00,0,watch,-,-,0.00,0.00,8.00
2026-05-09 08:52:59,9.25,1,watch,-,-,0.00,0.00,8.00
2026-05-09 08:53:25,3.79,0,bet,loss,win,1.00,1.00,9.00
2026-05-09 08:53:41,1.53,0,watch,-,-,0.00,0.00,9.00
2026-05-09 08:53:53,1.04,0,watch,-,-,0.00,0.00,9.00
2026-05-09 08:54:47,39.57,1,watch,-,-,0.00,0.00,9.00
2026-05-09 08:55:07,1.90,0,bet,loss,loss,-2.00,-2.00,7.00
2026-05-09 08:55:45,10.33,1,bet,win,win,7.00,5.00,14.00
2026-05-09 08:56:21,8.38,0,watch,-,-,0.00,0.00,14.00
2026-05-09 08:56:46,3.28,0,watch,-,-,0.00,0.00,14.00
2026-05-09 08:57:03,1.52,0,watch,-,-,0.00,0.00,14.00
2026-05-09 08:57:27,2.88,0,watch,-,-,0.00,0.00,14.00
2026-05-09 08:57:41,1.31,0,watch,-,-,0.00,0.00,14.00
2026-05-09 08:57:53,1.02,0,watch,-,-,0.00,0.00,14.00
2026-05-09 08:58:04,1.08,0,watch,-,-,0.00,0.00,14.00
2026-05-09 08:58:42,9.44,1,watch,-,-,0.00,0.00,14.00
2026-05-09 08:58:54,1.03,0,bet,loss,loss,-2.00,-2.00,12.00
2026-05-09 08:59:14,2.32,0,bet,loss,loss,-2.00,-4.00,10.00
2026-05-09 08:59:29,1.38,0,bet,loss,loss,-2.00,-6.00,8.00
2026-05-09 08:59:40,1.00,0,bet,loss,loss,-2.00,-8.00,6.00
2026-05-09 09:00:07,4.03,0,watch,-,-,0.00,0.00,6.00
2026-05-09 09:00:18,1.01,0,watch,-,-,0.00,0.00,6.00
2026-05-09 09:00:39,2.21,0,watch,-,-,0.00,0.00,6.00
2026-05-09 09:00:54,1.48,0,watch,-,-,0.00,0.00,6.00
2026-05-09 09:01:21,4.06,0,watch,-,-,0.00,0.00,6.00
2026-05-09 09:01:36,1.39,0,watch,-,-,0.00,0.00,6.00
2026-05-09 09:02:02,3.90,0,watch,-,-,0.00,0.00,6.00
2026-05-09 09:02:16,1.30,0,watch,-,-,0.00,0.00,6.00
2026-05-09 09:02:28,1.00,0,watch,-,-,0.00,0.00,6.00
2026-05-09 09:02:53,3.62,0,watch,-,-,0.00,0.00,6.00
2026-05-09 09:03:06,1.19,0,watch,-,-,0.00,0.00,6.00
2026-05-09 09:03:34,4.70,0,watch,-,-,0.00,0.00,6.00
2026-05-09 09:03:49,1.41,0,watch,-,-,0.00,0.00,6.00
2026-05-09 09:04:14,3.24,0,watch,-,-,0.00,0.00,6.00
2026-05-09 09:04:44,5.30,0,watch,-,-,0.00,0.00,6.00
2026-05-09 09:04:57,1.19,0,watch,-,-,0.00,0.00,6.00
2026-05-09 09:05:29,5.88,0,watch,-,-,0.00,0.00,6.00
2026-05-09 09:05:45,1.61,0,watch,-,-,0.00,0.00,6.00
2026-05-09 09:06:16,5.48,0,watch,-,-,0.00,0.00,6.00
2026-05-09 09:07:16,57.28,1,watch,-,-,0.00,0.00,6.00
2026-05-09 09:07:54,9.44,1,bet,win,win,7.00,7.00,13.00
2026-05-09 09:08:13,1.96,0,watch,-,-,0.00,0.00,13.00
2026-05-09 09:08:39,3.80,0,watch,-,-,0.00,0.00,13.00
2026-05-09 09:09:01,2.47,0,watch,-,-,0.00,0.00,13.00
2026-05-09 09:09:17,1.48,0,watch,-,-,0.00,0.00,13.00
2026-05-09 09:09:44,4.07,0,watch,-,-,0.00,0.00,13.00
2026-05-09 09:10:10,3.41,0,watch,-,-,0.00,0.00,13.00
2026-05-09 09:11:30,325.60,1,watch,-,-,0.00,0.00,13.00
2026-05-09 09:11:49,1.79,0,bet,loss,loss,-2.00,-2.00,11.00
2026-05-09 09:12:24,7.19,0,bet,win,win,7.00,5.00,18.00
2026-05-09 09:12:43,1.78,0,watch,-,-,0.00,0.00,18.00
2026-05-09 09:12:54,1.01,0,watch,-,-,0.00,0.00,18.00
2026-05-09 09:13:11,1.64,0,watch,-,-,0.00,0.00,18.00
2026-05-09 09:13:37,3.66,0,watch,-,-,0.00,0.00,18.00
2026-05-09 09:14:04,3.83,0,watch,-,-,0.00,0.00,18.00
2026-05-09 09:15:06,67.06,1,watch,-,-,0.00,0.00,18.00
2026-05-09 09:15:39,6.04,0,bet,win,win,7.00,7.00,25.00
2026-05-09 09:16:09,4.25,0,watch,-,-,0.00,0.00,25.00
2026-05-09 09:16:43,6.60,0,watch,-,-,0.00,0.00,25.00
2026-05-09 09:17:26,14.78,1,watch,-,-,0.00,0.00,25.00
2026-05-09 09:17:43,1.43,0,bet,loss,loss,-2.00,-2.00,23.00
2026-05-09 09:17:56,1.27,0,bet,loss,loss,-2.00,-4.00,21.00
2026-05-09 09:18:24,4.28,0,bet,loss,win,1.00,-3.00,22.00
2026-05-09 09:18:46,2.01,0,watch,-,-,0.00,0.00,22.00
2026-05-09 09:19:11,3.57,0,watch,-,-,0.00,0.00,22.00
2026-05-09 09:19:23,1.01,0,watch,-,-,0.00,0.00,22.00
2026-05-09 09:19:54,5.36,0,watch,-,-,0.00,0.00,22.00
2026-05-09 09:20:10,1.39,0,watch,-,-,0.00,0.00,22.00
2026-05-09 09:20:24,1.23,0,watch,-,-,0.00,0.00,22.00
2026-05-09 09:20:39,1.35,0,watch,-,-,0.00,0.00,22.00
2026-05-09 09:21:02,2.65,0,watch,-,-,0.00,0.00,22.00
2026-05-09 09:21:37,8.22,0,watch,-,-,0.00,0.00,22.00
2026-05-09 09:21:56,1.43,0,watch,-,-,0.00,0.00,22.00
2026-05-09 09:22:24,4.25,0,watch,-,-,0.00,0.00,22.00
2026-05-09 09:23:05,12.04,1,watch,-,-,0.00,0.00,22.00
2026-05-09 09:23:19,1.18,0,bet,loss,loss,-2.00,-2.00,20.00
2026-05-09 09:23:59,11.45,1,bet,win,win,7.00,5.00,27.00
2026-05-09 09:24:10,1.00,0,watch,-,-,0.00,0.00,27.00
2026-05-09 09:24:27,1.53,0,watch,-,-,0.00,0.00,27.00
2026-05-09 09:24:48,2.40,0,watch,-,-,0.00,0.00,27.00
2026-05-09 09:25:03,1.22,0,watch,-,-,0.00,0.00,27.00
2026-05-09 09:25:15,1.04,0,watch,-,-,0.00,0.00,27.00
2026-05-09 09:25:33,1.80,0,watch,-,-,0.00,0.00,27.00
2026-05-09 09:25:45,1.16,0,watch,-,-,0.00,0.00,27.00
2026-05-09 09:26:07,2.41,0,watch,-,-,0.00,0.00,27.00
2026-05-09 09:26:26,2.06,0,watch,-,-,0.00,0.00,27.00
2026-05-09 09:26:37,1.00,0,watch,-,-,0.00,0.00,27.00
2026-05-09 09:27:18,12.84,1,watch,-,-,0.00,0.00,27.00
2026-05-09 09:27:31,1.18,0,bet,loss,loss,-2.00,-2.00,25.00
2026-05-09 09:27:52,2.15,0,bet,loss,loss,-2.00,-4.00,23.00
2026-05-09 09:28:15,2.95,0,bet,loss,loss,-2.00,-6.00,21.00
2026-05-09 09:28:32,1.52,0,bet,loss,loss,-2.00,-8.00,19.00
2026-05-09 09:28:50,1.81,0,watch,-,-,0.00,0.00,19.00
2026-05-09 09:29:14,3.17,0,watch,-,-,0.00,0.00,19.00
2026-05-09 09:29:29,1.31,0,watch,-,-,0.00,0.00,19.00
2026-05-09 09:29:58,4.60,0,watch,-,-,0.00,0.00,19.00
2026-05-09 09:30:40,12.06,1,watch,-,-,0.00,0.00,19.00
2026-05-09 09:30:55,1.51,0,bet,loss,loss,-2.00,-2.00,17.00
2026-05-09 09:31:18,2.78,0,bet,loss,loss,-2.00,-4.00,15.00
2026-05-09 09:31:37,1.83,0,bet,loss,loss,-2.00,-6.00,13.00
2026-05-09 09:32:02,3.39,0,bet,loss,win,1.00,-5.00,14.00
2026-05-09 09:32:17,1.32,0,watch,-,-,0.00,0.00,14.00
2026-05-09 09:32:53,7.54,0,watch,-,-,0.00,0.00,14.00
2026-05-09 09:33:09,1.38,0,watch,-,-,0.00,0.00,14.00
2026-05-09 09:33:26,1.65,0,watch,-,-,0.00,0.00,14.00
2026-05-09 09:33:47,2.39,0,watch,-,-,0.00,0.00,14.00
2026-05-09 09:34:21,6.97,0,watch,-,-,0.00,0.00,14.00
2026-05-09 09:34:35,1.21,0,watch,-,-,0.00,0.00,14.00
2026-05-09 09:34:49,1.17,0,watch,-,-,0.00,0.00,14.00
2026-05-09 09:35:36,22.35,1,watch,-,-,0.00,0.00,14.00
2026-05-09 09:35:56,1.73,0,bet,loss,loss,-2.00,-2.00,12.00
2026-05-09 09:36:16,2.27,0,bet,loss,loss,-2.00,-4.00,10.00
2026-05-09 09:36:35,1.96,0,bet,loss,loss,-2.00,-6.00,8.00
2026-05-09 09:36:53,1.69,0,bet,loss,loss,-2.00,-8.00,6.00
2026-05-09 09:37:12,1.72,0,watch,-,-,0.00,0.00,6.00
2026-05-09 09:37:32,2.03,0,watch,-,-,0.00,0.00,6.00
2026-05-09 09:37:43,1.09,0,watch,-,-,0.00,0.00,6.00
2026-05-09 09:38:01,1.77,0,watch,-,-,0.00,0.00,6.00
2026-05-09 09:38:20,2.11,0,watch,-,-,0.00,0.00,6.00
2026-05-09 09:38:58,9.83,1,watch,-,-,0.00,0.00,6.00
2026-05-09 09:39:31,6.40,0,bet,win,win,7.00,7.00,13.00
2026-05-09 09:39:56,3.18,0,watch,-,-,0.00,0.00,13.00
2026-05-09 09:40:09,1.04,0,watch,-,-,0.00,0.00,13.00
2026-05-09 09:40:25,1.70,0,watch,-,-,0.00,0.00,13.00
2026-05-09 09:40:39,1.24,0,watch,-,-,0.00,0.00,13.00
2026-05-09 09:40:56,1.65,0,watch,-,-,0.00,0.00,13.00
2026-05-09 09:41:44,4.51,0,watch,-,-,0.00,0.00,13.00
2026-05-09 09:41:55,1.00,0,watch,-,-,0.00,0.00,13.00
2026-05-09 09:42:10,1.45,0,watch,-,-,0.00,0.00,13.00
2026-05-09 09:42:59,25.67,1,watch,-,-,0.00,0.00,13.00
2026-05-09 09:43:18,1.81,0,bet,loss,loss,-2.00,-2.00,11.00
2026-05-09 09:43:34,1.65,0,bet,loss,loss,-2.00,-4.00,9.00
2026-05-09 09:43:46,1.05,0,bet,loss,loss,-2.00,-6.00,7.00
2026-05-09 09:43:56,1.00,0,bet,loss,loss,-2.00,-8.00,5.00
2026-05-09 09:44:12,1.58,0,watch,-,-,0.00,0.00,5.00
2026-05-09 09:44:32,2.37,0,watch,-,-,0.00,0.00,5.00
2026-05-09 09:45:07,7.84,0,watch,-,-,0.00,0.00,5.00
2026-05-09 09:45:20,1.22,0,watch,-,-,0.00,0.00,5.00
2026-05-09 09:45:47,3.75,0,watch,-,-,0.00,0.00,5.00
2026-05-09 09:45:59,1.12,0,watch,-,-,0.00,0.00,5.00
2026-05-09 09:46:12,1.21,0,watch,-,-,0.00,0.00,5.00
2026-05-09 09:46:22,1.00,0,watch,-,-,0.00,0.00,5.00
2026-05-09 09:46:38,1.53,0,watch,-,-,0.00,0.00,5.00
2026-05-09 09:46:53,1.51,0,watch,-,-,0.00,0.00,5.00
2026-05-09 09:47:19,3.71,0,watch,-,-,0.00,0.00,5.00
2026-05-09 09:47:36,1.72,0,watch,-,-,0.00,0.00,5.00
2026-05-09 09:47:47,1.07,0,watch,-,-,0.00,0.00,5.00
2026-05-09 09:48:12,2.62,0,watch,-,-,0.00,0.00,5.00
2026-05-09 09:48:31,1.95,0,watch,-,-,0.00,0.00,5.00
2026-05-09 09:48:45,1.36,0,watch,-,-,0.00,0.00,5.00
2026-05-09 09:49:09,3.47,0,watch,-,-,0.00,0.00,5.00
2026-05-09 09:49:29,2.25,0,watch,-,-,0.00,0.00,5.00
2026-05-09 09:49:59,4.70,0,watch,-,-,0.00,0.00,5.00
2026-05-09 09:50:20,2.55,0,watch,-,-,0.00,0.00,5.00
2026-05-09 09:51:03,15.08,1,watch,-,-,0.00,0.00,5.00
2026-05-09 09:51:24,2.31,0,bet,loss,loss,-2.00,-2.00,3.00
2026-05-09 09:51:41,1.73,0,bet,loss,loss,-2.00,-4.00,1.00
2026-05-09 09:51:57,1.09,0,bet,loss,loss,-2.00,-6.00,-1.00
2026-05-09 09:52:14,1.71,0,bet,loss,loss,-2.00,-8.00,-3.00
2026-05-09 09:52:36,2.77,0,watch,-,-,0.00,0.00,-3.00
2026-05-09 09:52:53,1.61,0,watch,-,-,0.00,0.00,-3.00
2026-05-09 09:53:06,1.26,0,watch,-,-,0.00,0.00,-3.00
2026-05-09 09:53:25,1.07,0,watch,-,-,0.00,0.00,-3.00
2026-05-09 09:54:21,55.10,1,watch,-,-,0.00,0.00,-3.00
2026-05-09 09:54:43,2.61,0,bet,loss,loss,-2.00,-2.00,-5.00
2026-05-09 09:55:01,1.79,0,bet,loss,loss,-2.00,-4.00,-7.00
2026-05-09 09:55:28,4.22,0,bet,loss,win,1.00,-3.00,-6.00
2026-05-09 09:56:39,150.73,1,watch,-,-,0.00,0.00,-6.00
2026-05-09 09:57:15,8.24,0,bet,win,win,7.00,7.00,1.00
2026-05-09 09:57:33,1.52,0,watch,-,-,0.00,0.00,1.00
2026-05-09 09:57:44,1.17,0,watch,-,-,0.00,0.00,1.00
2026-05-09 09:58:00,1.51,0,watch,-,-,0.00,0.00,1.00
2026-05-09 09:58:40,12.04,1,watch,-,-,0.00,0.00,1.00
2026-05-09 09:59:04,2.89,0,bet,loss,loss,-2.00,-2.00,-1.00
2026-05-09 09:59:16,1.09,0,bet,loss,loss,-2.00,-4.00,-3.00
2026-05-09 09:59:29,1.19,0,bet,loss,loss,-2.00,-6.00,-5.00
2026-05-09 10:00:03,7.52,0,bet,win,win,7.00,1.00,2.00
2026-05-09 10:00:28,3.17,0,watch,-,-,0.00,0.00,2.00
2026-05-09 10:00:56,4.10,0,watch,-,-,0.00,0.00,2.00
2026-05-09 10:01:08,1.03,0,watch,-,-,0.00,0.00,2.00
2026-05-09 10:01:21,1.25,0,watch,-,-,0.00,0.00,2.00
2026-05-09 10:01:39,1.59,0,watch,-,-,0.00,0.00,2.00
2026-05-09 10:01:55,1.52,0,watch,-,-,0.00,0.00,2.00
2026-05-09 10:02:42,22.27,1,watch,-,-,0.00,0.00,2.00
2026-05-09 10:02:57,1.30,0,bet,loss,loss,-2.00,-2.00,0.00
2026-05-09 10:03:16,1.87,0,bet,loss,loss,-2.00,-4.00,-2.00
2026-05-09 10:03:36,2.01,0,bet,loss,loss,-2.00,-6.00,-4.00
2026-05-09 10:04:03,3.85,0,bet,loss,win,1.00,-5.00,-3.00
2026-05-09 10:04:32,4.82,0,watch,-,-,0.00,0.00,-3.00
2026-05-09 10:04:51,1.84,0,watch,-,-,0.00,0.00,-3.00
2026-05-09 10:05:21,5.03,0,watch,-,-,0.00,0.00,-3.00
2026-05-09 10:05:37,1.47,0,watch,-,-,0.00,0.00,-3.00
2026-05-09 10:05:48,1.00,0,watch,-,-,0.00,0.00,-3.00
2026-05-09 10:06:01,1.11,0,watch,-,-,0.00,0.00,-3.00
2026-05-09 10:06:27,3.81,0,watch,-,-,0.00,0.00,-3.00
2026-05-09 10:06:39,1.08,0,watch,-,-,0.00,0.00,-3.00
2026-05-09 10:07:08,4.40,0,watch,-,-,0.00,0.00,-3.00
2026-05-09 10:07:29,2.31,0,watch,-,-,0.00,0.00,-3.00
2026-05-09 10:07:54,3.29,0,watch,-,-,0.00,0.00,-3.00
2026-05-09 10:08:19,3.06,0,watch,-,-,0.00,0.00,-3.00
2026-05-09 10:08:33,1.37,0,watch,-,-,0.00,0.00,-3.00
2026-05-09 10:08:52,1.98,0,watch,-,-,0.00,0.00,-3.00
2026-05-09 10:09:11,1.93,0,watch,-,-,0.00,0.00,-3.00
2026-05-09 10:09:26,1.44,0,watch,-,-,0.00,0.00,-3.00
2026-05-09 10:09:41,1.41,0,watch,-,-,0.00,0.00,-3.00
2026-05-09 10:09:54,1.21,0,watch,-,-,0.00,0.00,-3.00
2026-05-09 10:10:12,2.12,0,watch,-,-,0.00,0.00,-3.00
2026-05-09 10:10:59,19.24,1,watch,-,-,0.00,0.00,-3.00
2026-05-09 10:11:10,1.07,0,bet,loss,loss,-2.00,-2.00,-5.00
2026-05-09 10:11:22,1.03,0,bet,loss,loss,-2.00,-4.00,-7.00
2026-05-09 10:11:40,1.89,0,bet,loss,loss,-2.00,-6.00,-9.00
2026-05-09 10:12:30,21.33,1,bet,win,win,7.00,1.00,-2.00
2026-05-09 10:12:41,1.00,0,watch,-,-,0.00,0.00,-2.00
2026-05-09 10:13:02,2.12,0,watch,-,-,0.00,0.00,-2.00
2026-05-09 10:13:38,9.13,1,watch,-,-,0.00,0.00,-2.00
2026-05-09 10:13:50,1.06,0,bet,loss,loss,-2.00,-2.00,-4.00
2026-05-09 10:14:04,1.09,0,bet,loss,loss,-2.00,-4.00,-6.00
2026-05-09 10:14:17,1.53,0,bet,loss,loss,-2.00,-6.00,-8.00
2026-05-09 10:14:45,4.37,0,bet,loss,win,1.00,-5.00,-7.00
2026-05-09 10:15:05,2.07,0,watch,-,-,0.00,0.00,-7.00
2026-05-09 10:15:30,3.22,0,watch,-,-,0.00,0.00,-7.00
2026-05-09 10:15:44,1.44,0,watch,-,-,0.00,0.00,-7.00
2026-05-09 10:16:03,2.09,0,watch,-,-,0.00,0.00,-7.00
2026-05-09 10:16:25,2.40,0,watch,-,-,0.00,0.00,-7.00
2026-05-09 10:16:51,3.45,0,watch,-,-,0.00,0.00,-7.00
2026-05-09 10:17:07,1.59,0,watch,-,-,0.00,0.00,-7.00
2026-05-09 10:17:30,1.31,0,watch,-,-,0.00,0.00,-7.00
2026-05-09 10:17:54,6.44,0,watch,-,-,0.00,0.00,-7.00
2026-05-09 10:18:06,1.05,0,watch,-,-,0.00,0.00,-7.00
2026-05-09 10:18:22,1.65,0,watch,-,-,0.00,0.00,-7.00
2026-05-09 10:18:34,1.14,0,watch,-,-,0.00,0.00,-7.00
2026-05-09 10:19:07,7.00,0,watch,-,-,0.00,0.00,-7.00
2026-05-09 10:19:49,12.56,1,watch,-,-,0.00,0.00,-7.00
2026-05-09 10:20:29,11.25,1,bet,win,win,7.00,7.00,0.00
2026-05-09 10:20:54,3.44,0,watch,-,-,0.00,0.00,0.00
2026-05-09 10:21:08,1.01,0,watch,-,-,0.00,0.00,0.00
2026-05-09 10:21:30,2.62,0,watch,-,-,0.00,0.00,0.00
2026-05-09 10:21:47,1.61,0,watch,-,-,0.00,0.00,0.00
2026-05-09 10:22:41,34.75,1,watch,-,-,0.00,0.00,0.00
2026-05-09 10:22:57,1.42,0,bet,loss,loss,-2.00,-2.00,-2.00
2026-05-09 10:23:19,2.68,0,bet,loss,loss,-2.00,-4.00,-4.00
2026-05-09 10:23:57,9.98,1,bet,win,win,7.00,3.00,3.00
2026-05-09 10:24:27,4.95,0,watch,-,-,0.00,0.00,3.00
2026-05-09 10:24:43,1.46,0,watch,-,-,0.00,0.00,3.00
2026-05-09 10:24:57,1.24,0,watch,-,-,0.00,0.00,3.00
2026-05-09 10:25:46,20.85,1,watch,-,-,0.00,0.00,3.00
2026-05-09 10:26:17,5.17,0,bet,loss,win,1.00,1.00,4.00
2026-05-09 10:26:35,1.66,0,watch,-,-,0.00,0.00,4.00
2026-05-09 10:26:48,1.26,0,watch,-,-,0.00,0.00,4.00
2026-05-09 10:27:16,4.25,0,watch,-,-,0.00,0.00,4.00
2026-05-09 10:27:39,2.71,0,watch,-,-,0.00,0.00,4.00
2026-05-09 10:28:04,2.28,0,watch,-,-,0.00,0.00,4.00
2026-05-09 10:28:22,1.78,0,watch,-,-,0.00,0.00,4.00
2026-05-09 10:28:39,1.39,0,watch,-,-,0.00,0.00,4.00
2026-05-09 10:29:12,6.83,0,watch,-,-,0.00,0.00,4.00
2026-05-09 10:29:28,1.38,0,watch,-,-,0.00,0.00,4.00
2026-05-09 10:30:32,7.72,0,watch,-,-,0.00,0.00,0.00
2026-05-09 10:30:45,1.05,0,watch,-,-,0.00,0.00,0.00
2026-05-09 10:31:03,1.82,0,watch,-,-,0.00,0.00,0.00
2026-05-09 10:31:25,2.45,0,watch,-,-,0.00,0.00,0.00
2026-05-09 10:31:43,1.65,0,watch,-,-,0.00,0.00,0.00
2026-05-09 10:32:05,2.49,0,watch,-,-,0.00,0.00,0.00
2026-05-09 10:32:31,3.52,0,watch,-,-,0.00,0.00,0.00
2026-05-09 10:32:55,3.07,0,watch,-,-,0.00,0.00,0.00
2026-05-09 10:33:32,7.98,0,watch,-,-,0.00,0.00,0.00
2026-05-09 10:33:50,1.81,0,watch,-,-,0.00,0.00,0.00
2026-05-09 10:34:15,3.18,0,watch,-,-,0.00,0.00,0.00
2026-05-09 10:34:27,1.10,0,watch,-,-,0.00,0.00,0.00
2026-05-09 10:35:06,9.88,1,watch,-,-,0.00,0.00,0.00
2026-05-09 10:35:30,2.14,0,bet,loss,loss,-2.00,-2.00,-2.00
2026-05-09 10:35:41,1.21,0,bet,loss,loss,-2.00,-4.00,-4.00
2026-05-09 10:36:00,1.37,0,bet,loss,loss,-2.00,-6.00,-6.00
2026-05-09 10:36:21,2.81,0,bet,loss,loss,-3.00,-9.00,-9.00
2026-05-09 10:36:36,1.28,0,watch,-,-,0.00,0.00,-9.00
2026-05-09 10:37:39,1.95,0,watch,-,-,0.00,0.00,0.00
2026-05-09 10:37:57,1.91,0,watch,-,-,0.00,0.00,0.00
2026-05-09 10:38:11,1.35,0,watch,-,-,0.00,0.00,0.00
2026-05-09 10:38:27,1.51,0,watch,-,-,0.00,0.00,0.00
2026-05-09 10:38:48,2.53,0,watch,-,-,0.00,0.00,0.00
2026-05-09 10:39:28,12.15,1,watch,-,-,0.00,0.00,0.00
2026-05-09 10:39:52,2.79,0,bet,loss,loss,-2.00,-2.00,-2.00
2026-05-09 10:40:08,1.44,0,bet,loss,loss,-2.00,-4.00,-4.00
2026-05-09 10:40:31,2.28,0,bet,loss,loss,-2.00,-6.00,-6.00
2026-05-09 10:40:53,2.66,0,bet,loss,loss,-3.00,-9.00,-9.00
2026-05-09 10:41:55,19.55,1,watch,-,-,0.00,0.00,0.00
2026-05-09 10:42:08,1.04,0,bet,loss,loss,-2.00,-2.00,-2.00
2026-05-09 10:42:25,1.66,0,bet,loss,loss,-2.00,-4.00,-4.00
2026-05-09 10:43:19,41.14,1,bet,win,win,7.00,3.00,3.00
